<parsetable>
	<states>12</states>
	<term>i</term>
	<term>+</term>
	<term>*</term>
	<term>(</term>
	<term>)</term>
	<term>$</term>
	<nonterm>E</nonterm>
	<nonterm>T</nonterm>
	<nonterm>F</nonterm>

	<productions>
		<prod>
			<l>E</l>
			<r>E+T</r>
		</prod>
		<prod>
			<l>E</l>
			<r>T</r>
		</prod>
		<prod>
			<l>T</l>
			<r>T*F</r>
		</prod>
		<prod>
			<l>T</l>
			<r>F</r>
		</prod>
		<prod>
			<l>F</l>
			<r>(E)</r>
		</prod>
		<prod>
			<l>F</l>
			<r>i</r>
		</prod>
	</productions>

	<actiontable>
		<tr>
			<td>s5</td><td>Error</td><td>Error</td><td>s4</td><td>Error</td><td>Error</td>
		</tr>
		<tr>
			<td>Error</td><td>s6</td><td>Error</td><td>Error</td><td>Error</td><td>Accept</td>
		</tr>
		<tr>
			<td>Error</td><td>r2</td><td>s7</td><td>Error</td><td>r2</td><td>r2</td>
		</tr>
		<tr>
			<td>Error</td><td>r4</td><td>r4</td><td>Error</td><td>r4</td><td>r4</td>
		</tr>
		<tr>
			<td>s5</td><td>Error</td><td>Error</td><td>s4</td><td>Error</td><td>Error</td>
		</tr>
		<tr>
			<td>Error</td><td>r6</td><td>r6</td><td>Error</td><td>r6</td><td>r6</td>
		</tr>
		<tr>
			<td>s5</td><td>Error</td><td>Error</td><td>s4</td><td>Error</td><td>Error</td>
		</tr>
		<tr>
			<td>s5</td><td>Error</td><td>Error</td><td>s4</td><td>Error</td><td>Error</td>
		</tr>
		<tr>
			<td>Error</td><td>s6</td><td>Error</td><td>Error</td><td>s11</td><td>Error</td>
		</tr>
		<tr>
			<td>Error</td><td>r1</td><td>s7</td><td>Error</td><td>r1</td><td>r1</td>
		</tr>
		<tr>
			<td>Error</td><td>r3</td><td>r3</td><td>Error</td><td>r3</td><td>r3</td>
		</tr>
		<tr>
			<td>Error</td><td>r5</td><td>r5</td><td>Error</td><td>r5</td><td>r5</td>
		</tr>
	</actiontable>
	<gototable>
		<tr>
			<td>1</td><td>2</td><td>3</td>
		</tr>
		<tr>
			<td>0</td><td>0</td><td>0</td>
		</tr>
		<tr>
			<td>0</td><td>0</td><td>0</td>
		</tr>
		<tr>
			<td>0</td><td>0</td><td>0</td>
		</tr>
		<tr>
			<td>8</td><td>2</td><td>3</td>
		</tr>
		<tr>
			<td>0</td><td>0</td><td>0</td>
		</tr>
		<tr>
			<td>0</td><td>9</td><td>3</td>
		</tr>
		<tr>
			<td>0</td><td>0</td><td>10</td>
		</tr>
		<tr>
			<td>0</td><td>0</td><td>0</td>
		</tr>
		<tr>
			<td>0</td><td>0</td><td>0</td>
		</tr>
		<tr>
			<td>0</td><td>0</td><td>0</td>
		</tr>
		<tr>
			<td>0</td><td>0</td><td>0</td>
		</tr>
	</gototable>
</parsetable>